model,users,precision_at_k,recall_at_k,ndcg_at_k,hit_at_k
popularity,133,0.002255639097744361,0.022556390977443608,0.007185951075071838,0.022556390977443608
itemcf,133,0.0,0.0,0.0,0.0
emb,133,7.518796992481203E-4,0.007518796992481203,0.0021734197467510362,0.007518796992481203
